No.,Track,Artist
1,I'll Take You Home - Live,Banda Neira
2,Feels Like,Katchafire
3,Boys & Girls,Ayumi Hamasaki
4,Resolution,Benson
5,"Independent Women, Pt. I",Destiny's Child
6,V for Vendetta,SpliffHappy
7,Down,Elliott Yamin
8,陪我看日出,Joi Chua
9,Magic - Short Mix,Spaniol
10,White Wedding - Pt. 1,Billy Idol
11,Zuva Rekufa Kwangu,John Chibadura
12,Jangan Nakal,Alif Satar
13,Up To No Good - Tazi Remix,Tazi
14,Te Amo Jesus,Davi Sacer
15,Good Chunk of Change,Adam Hood
16,ABC (Alphabet Song),Wheels on the Bus
17,The Getaway,The Afghan Whigs
18,"Lost Woods (From ""Legend of Zelda: Ocarina of Time"")",OST Remastered
19,Quiero saber de ti,Banda XXI
20,"12 Violin Concertos, Op.8 ""Il cimento dell'armonia e dell' invenzione"" / Concerto No. 3 in F Major for solo violin, ""L'Autunno"" - RV293: 1. Allegro",Antonio Vivaldi
21,Hetta Nedabzou (2015),Cheb Houssem
22,Dinner,SUHO
23,One For The City (feat. Thomas Jules),Illy
24,Stay girl Stay pure,1986 OMEGA TRIBE
25,Wait a Minute!,WILLOW
26,Let You Down,Luke Burr
27,Mirrors,Nightbus
28,Hallelujah,Nandy
29,SATURDAY NIGHT ZOMBIES,Yumi Matsutoya
30,One Million Views (feat. John Mani),GoldFish
31,Pluto,Afroto
32,Forever You and Me,Ray Guell
33,Ausentes y Presentes,Milicia Del Rancho
34,Divine Time,Aldonna
35,Crazy On You,Heart
36,I Don't Like Mondays,The Boomtown Rats
37,Happy Finally,Blake.08
38,Louca,Alice Caymmi
39,Diya Kamba,Bebe Manga
40,Yun Hi Chala Chal,Hariharan
41,MOST PRECIOUS LOVE - MAJOR LEAGUE DJZ & LUUDADEEJAY VS BLAZE (FEAT. UDAUFL & BARBARA TUCKER),Major League Djz
42,Painting By Chagall,Steve Tannen
43,Caco,Jean Bonal
44,Figodon,Sterium
45,Come and See My Moda (feat. Yemi Alade),Yemi Alade
46,What Do I Know - Tonic Walter Remix,David Gramberg
47,Sweet Emotion,Aerosmith
48,Trouble’s Gonna Find Me,Zerb
49,Cholo Arekbar Uri,AvoidRafa
50,My Time,Jeremih
51,Ga Maar Weg,Jannes
52,Stabwound,Necrophagist
53,Born to Run,Bruce Springsteen
54,Eat,T-Rell
55,Stay (Sing off vs. Tayler Holder),Conor Maynard
56,"Promises, Promises",Incubus
57,Oceans of My Mind - Urmet K Remix,Lazarusman
58,"100% Love (From ""100% Love"")",Monali Thakur
59,FEVER,ENHYPEN
60,We Are Water,Papadosio
61,Aynpes Uzum Em (Rosali movie soundtrack),Brunette
62,She Sells Sanctuary,The Cult
63,ACTION,Tilian
64,Faixa Amarela,Zeca Pagodinho
65,End Of Time,Tatana
66,Inspiration,Lifoko Du Ciel
67,Sin Ayuda,El Pepo
68,Urabaruta,Karahanyuze
69,River Ray - Radio Edit,Dre Guazzelli
70,Ndikhokhele,Benjamin Dube
71,Carry Fire,Robert Plant
72,i thought i was waiting,VÉRITÉ
73,First Breath,Woodsman
74,Belum Siap Kehilangan,Angga Candra
75,Mpulira,Iryn Namubiru
76,Dá Um Tempo Vai,Natanzinho Lima
77,I Want Her,hoodtrophy bino
78,Blind You,Didirri
79,HOJE EU VOU COMER NOVINHA 06 (Slowed + Reverb),DJ AG O GRINGO
80,Be Good,HAAi
81,SO EASY - Radio Edit,Leela Rosa
82,Ta Me Treinar,CEF Tanzy
83,Healing,CocoSA
84,No Corras,Dread Mar I
85,Mertah,Abdul Majeed Abdullah
86,Malaya,Moira Dela Torre
87,Hey Mamma,Sunstroke Project
88,"Zora's Domain (Day) [From ""The Legend of Zelda: Breath of the Wild""] [Piano Version]",Streaming Music Studios
89,Letters In Concrete,Memphis LK
90,Adela,Aleksander Debicz
91,Life is Suffering,Deerhoof
92,Piel de Angel,Camilo Sesto
93,One More Day,Alfie Templeman
94,Know Love - OTR Remix,OTR
95,Geiser,YAANO
96,In Da Club,Ikka
97,Someone Like You,Steve Tyrell
98,Cabin Fever,Subsonic Eye
99,The Box,Johnny Flynn
100,Come From (feat. Ajebo Hustlers),Bloody Civilian
101,Pillars,Great Gable
102,Centrefold,Genesis Owusu
103,Sanam Re,Mithoon
104,Second Hand Car,Kim Churchill
105,It's a Long Way to the Top (If You Wanna Rock 'N' Roll),AC/DC
106,Mdali - De Bablyy Remix,Tman Xpress
107,Medo de Amar,Fabinho Testado
108,Cars,Gary Numan
109,Make You Mine,Madison Beer
110,Take You There,House of Shem
111,The Romany Child,Jayne Elleson
112,Pomarrosa,Mario Crespo Martinez
113,VENGANZA MANO,BOWSY
114,Don't Bring Me Down,Electric Light Orchestra
115,To Me,Chet Faker
116,Little Bit of Lovin,Roy Woods
117,Simply Minded,Lofi Hip-Hop Beats
118,To the Sea,Dusty Boots
119,Que des vibes,Julie Meletta
120,The Lights,Sasha
121,Thanks and Praise (feat. Rich DiCas) [Live],Songs From The Soil
122,All to Myself,Dylan Wright
123,Mama,Rayo & Toby
124,Getting Closer,Kaylee Bell
125,SWIMGOOD,Kohjiya
126,I Don't Need You Anymore,HAFFWAY
127,NEW WAVE,Kohjiya
128,Hana,Andy
129,Shine On You Crazy Diamond (Pts. 1-5),Pink Floyd
130,Me Refaz,Diego Karter
131,Keep Up,Kinder
132,Here With Me,CHVRCHES
133,QUE SERA SERA,Wizard Chan
134,Srdce jako knize Rohan,Richard Muller
135,My Spine Is Tingling,Will Sparks
136,See Right Through Me,Set Mo
137,Fragments,Aiobahn
138,Shampoo,iyla
139,Love,Ben Lukas Boysen
140,Never (Lagos Never Gonna Be the Same),Tony Allen
141,Ten Foot Flowers (Glass Beams Desert Flower Edition),Glass Beams
142,La casa azul,Marco Mengoni
143,Hotline Bling,William Singe
144,I'm Not Gonna Let - Shuffle Inc Radio Edit,"Shuffle, Inc."
145,You,Radiohead
146,All Time High,The Sam Willows
147,Crazy - Drktms Remix,Love Mansuy
148,Didi,Khaled
149,If You Must,Del The Funky Homosapien
150,Unconditional Love,fusq
151,Brown Eyed Girl,Van Morrison
152,Get Good - Infinitefreefall Remix,St. South
153,Amsterdam,Krooked Kings
154,Agachadinho,XANDDY HARMONIA
155,KING BITCH,QUEEN BEE
156,God Knows,ARXX
157,The Melody - Henrik Schwarz Remix,Francesco Tristano
158,Venda Wave,Mizo Phyll
159,Impossible,Nina Las Vegas
160,Pense em mim,Leandro & Leonardo
161,Addicted To Love,Robert Palmer
162,Relax,Frankie Goes To Hollywood
163,So Many Days,1000mods
164,C sa ki va tuer,Zouglou Maker's
165,Adventure of a Lifetime,Gabriella
166,Paralysed,RedHook
167,Feelz,Sevyn Streeter
168,Titanium,Jasmine Thompson
169,Maradona,Mouh Milano
170,La Mariposa,Eamonn Watt
171,More,Sisters of Mercy
172,Guided By Angels - triple j Like A Version,Jack River
173,Adja,Maher Cissoko
174,Poison Arrow,ABC
175,Trap Nation,Trap Nation
176,The Reckoning Dawn,Winterfylleth
177,Sometimes - Radio Edit,Felguk
178,Vieni a dormire da me,Selton
179,Enimnyan Nka Nyankopon,No Tribe
180,Rascals,Neeraj Shridhar
181,Goodbye,Tei Shi
182,Summer Town - Radio Edit,The Gleeman
183,Move On,Garden City Movement
184,Castaway,Windwaker
185,Area,IceBeatChillz
186,Give This A Try,Vince Harder
187,Ghost Under Rocks,Ra Ra Riot
188,La Camisa Negra,Accordion Festival
189,Noorie,NDS
190,Nikukonda,Mampi
191,Taped Up Heart (feat. Clara Mae) - Joe Mason Remix,KREAM
192,Tu Rapa,Waldokinc El Troyano
193,Lay Me Down,Sam Smith
194,Zwakala (Come To Me),Stimela
195,Melhor Assim,Netinho De Paula
196,Polo,Fresno
197,In Between (feat. Jude York),Dami Im
198,Da Fa Gnaw,Viviane Chidid
199,SWAY,ILLSON
200,Heartless,PsychoYP
201,Ewow Ye,Izolan
202,Surtada,Neo Beats
203,Doe Maar Net Alsof - Rapversie,Sticks
204,Kalah (feat. Hasan Toys),Happy Asmara
205,Marchaste,NIKOKONT
206,Drink Drank Drunk,Drapht
207,Ex Damo,Jay Oliver
208,Telephones,Vacations
209,James Bond Theme,Jasmine Patterson
210,Celoso,Roberto Luti
211,Locomotive Breath,Jethro Tull
212,White Rabbit,Jefferson Airplane
213,No Mo,JARNA
214,Take A Bite,beabadoobee
215,Exit 104,WHATUPRG
216,Turn It Up,SMACK
217,Morning Light,A Choir of Ghosts
218,"Chuttamalle (From ""Devara Part 1"")",Anirudh Ravichander
219,Way Out West,Tyla Rodrigues
220,In the black of night,Slow Train
221,Eventide,Kudasaibeats
222,Reflejo,Murcof
223,insane,Ole 60
224,Eye of the Tiger,Survivor
225,Second Chance,Caribou
226,CAREFUL,NF
227,alright!,BULGOGIDISCO
228,Space And Time,009 Sound System
229,Wheels On The Bus,The MikMaks
230,ECLIPSE,Hona Costello
231,Happy,Sunniez
232,Fall At Your Feet,Clare Bowditch
233,jogging shoes (the rerun),Lola Scott
234,In Transit (For You) (Album Version),Matchbook Romance
235,Talvez,Cidrais
236,Adhuva Adhuva,Shweta Mohan
237,I Can't Let Go,Evie Sands
238,slip through your veins,Talitha.
239,Go Country,Coffey Anderson
240,Khasrik Khawatni (Your Waist Made Me Crazy),Emad Sayyah Feat. El Almaas Band
241,(Everything I Do) I Do It For You,Bryan Adams
242,Shoot Me,DAY6
243,Wizard,Embargo
244,All the Wine,Clare & The Reasons
245,SAYONARA,ORANGE RANGE
246,Kamikaze - Tom Budin Remix,Noy
247,Isaidluv,LEFTO EARLY BIRD
248,Love Nest,James Bambu
249,Love Lost,The Temper Trap
250,Africa,Santrofi
251,Maybe,N.E.R.D
252,Black Friday de Gostosa - Ao Vivo,Rennan da Penha
253,They Want War,U.D.O.
254,Play With Fire,Andrew Oldham Orchestra
255,Gloria,Mónica Ospina
256,La Chona,Los Tucanes De Tijuana
257,Ug Cypher 3,Abril
258,brady,Shelby Darrall
259,High,Alison Wonderland
260,Reckless,Madison Beer
261,Griftefrid,Thyrfing
262,Intro,Kerser
263,Jimi Hendrikoes,Kelompok Penerbang Roket
264,Hashishet Albi,Roger Khouri
265,I Get Around (Mono),The Beach Boys
266,If It Ain't Love - Live,Bill Harris
267,Try Again - Hoax (BE) Remix,Hoax (BE)
268,Fresh Take,25K
269,Dikom lam la moto,Charlotte Mbango
270,Faded - Acoustic Version,Sara Farell
271,Like I Love You,Emelie Hollow
272,Pocahontas,PatricKxxLee
273,Avalon,Gaucho
274,Keeping It Real - DJ SWISHERMAN Remix,DJ SWISHERMAN
275,House Of The Rising Sun,The Animals
276,What's My Scene - 2005 Remaster,Hoodoo Gurus
277,Straight Line - Neil Cowley Remix,Neil Cowley
278,Elastic Heart (triple j Like A Version),Vance Joy
279,Trouble on Oxford Street,Skinny Lister
280,That Vibe,Killa
281,Este Mundo Infiel,Hermanos Alvarado
282,Angel Girl - Pretty Girl Remix,Chrome Sparks
283,Notre Dame de Paris - Ouverture,Instrumental
284,A Song for Mom - Remix,Shadow
285,La Ville Des Amours,Lidia Isac
286,The Best Things In Life Are Free,Melbourne Ska Orchestra
287,Destiny,Shyam P
288,La Noche,Dei V
289,Sankofa,AratheJay
290,Perilous Woman,Rain Dogs
291,"Ja, vi elsker dette landet - alle 8 vers",Forsvarets Stabsmusikkorps
292,Happier Than Ever,Marlisa
293,Lo Que Hoy Quieras,Koino Yokan
294,Voices,Johnny Yukon
295,Inner City Blues (Make Me Wanna Holler),Marvin Gaye
296,Se Nem Deus Agrada Todo Mundo Muito Menos Eu,Sebastianismos
297,Pump It Up,Girl Talk
298,Burlesque,Chopin University Press
299,song six,.gif
300,Smother,Craig Lucas
301,What That Was,Majical Cloudz
302,Crazy Eddie's Last Hurrah,Reckless Kelly
303,Kak Up Your Bumper,S I
304,Secret Garden,Darzamat
305,November Morning,Stimming
306,Almost Here (Duet with Brian McFadden),Delta Goodrem
307,Dracula,Lyrical Joe
308,Labirintite,Supercombo
309,Behind Every Decision,Yehezkel Raz
310,Royal Roar - Gregatron Remix,Gregatron
311,Road To Nirvana,Godwin
312,"Symphony No. 9 in D Minor, Op. 125 ""Choral"": II. Scherzo & Trio. Molto vivace",London Symphony Orchestra
313,Voice of Angels,Fiona Joy Hawkins
314,I'm Late,Loyz
315,Finals,Paul Hertzog
316,Unaware,Bella Taylor Smith
317,Slowing Down,Colie
318,VILLAIN,K/DA
319,Londres,Luis Felipe Gonzalez
320,"Symphony No. 71 in B-Flat Major, Hob. I:71: IV. Finale. Vivace",Austro-Hungarian Haydn Orchestra
321,Faithful,Kingdmusic
322,Dark Matter,Maglera Doe Boy
323,Fly Like An Eagle,Steve Miller Band
324,Fuku Wa Uchi Oni Wa Soto (feat. The Mizuhara Sisters),Haruomi Hosono
325,Tomara (Ao Vivo),Pablo
326,Turnstile Blues,Autolux
327,Sweet Escape - Radio Edit,Meron Ryan
328,Send Me A Postcard,Shocking Blue
329,Fiskos,Allame
330,Drop Your Love (feat. Dirty Radio) - JaFunk Remix,Young Franco
331,m e t a m o r f o s i s - remix,Neo Pistea
332,Volando,STRANGEHUMAN
333,Lullaby for Refuge Cove,Grace Cummings
334,Shhh,Droomsindroom
335,Unforgiven - The Presets Remix,The Presets
336,Musak - Radio Edit,Trisco
337,De Toekomst,3JS
338,friends,okay(K)
339,Shapeshifter,Kyle Watson
340,"Tayos Caves, Ecuador I",Jon Hopkins
341,Mexico,Charlie Collins
342,West End Girls - 2018 Remastered Version,Pet Shop Boys
343,Camberwell,#1 Dads
344,Major Love,Bipolar Sunshine
345,Wandering Star,Empire Of The Sun
346,Talk It Out,Matt Corby
347,Let's Don't Say Anything,Say Sue Me
348,Reason,Apotech
349,10+1,Digga D
350,Layla - 40th Anniversary / 2010 Remastered,Derek & The Dominos
351,Rain When I Die,Alice In Chains
352,Monolith,Mandrake Handshake
353,The Reaper,Amy Shark
354,Back in,Kentong uk
355,U Want More,Telenova
356,A Moment,RILEY
357,Caramelito,Daniel Betancourth
358,Thousand Days & Nights - Main Magic Mix,Manzi
359,Sit Down,Reks
360,El Monigote,Giblack
361,HARDCORE GYM PHONK,TREVASPURA
362,Amor Genuino,Lennox
363,New Rules - KREAM Remix,KREAM
364,In Bloom,Ian McCulloch
365,You're Not Alone - Highpass Remix,Brooke & Stonebridge
366,The La Planta: Pushi Terraza Sessions #3,The La Planta
367,Okay (Feat. Louie),Louie
368,Maria (I Like It Loud) - Techno Remix,RobxDan
369,Love Among The Ruins,Chalmeris
370,Two of Us,Roger Hodgson
371,Self Medicate,Outer Worlds
372,I'll Wait,Sasha Alex Sloan
373,Kun Faya Kun,A.R. Rahman
374,Me Desculpa Jay Z,Baco Exu do Blues
375,Gotta Go,CHUNG HA
376,Donde Estaras,Ricchi E Poveri
377,The Best Thing,Paper Planes
378,Impressions,Portico Quartet
379,Save Tonight,Campsite Dream
380,Melhor,Chelsea Dinorath
381,The Other Side,Gordon Haskell
382,Walking On The Moon,The Police
383,3atma,El Waili
384,In The Dark (Mixed) - ID Remix,Aldae
385,Falling In,Cabu
386,How It Ends,Primordial
387,"Hyrule Castle (From ""Breath of the Wild"") [Orchestral Cover]",Hajime Wakai
388,Call You Bae,JIMIN
389,El Diablo Negro,Hirax
390,See You In Life,Valentina Ploy
391,Scene One,Brokenkites
392,Typing...,JerrySAN
393,Rolling In The Deep - Techno Remix,Consilium
394,Dig up Her Bones,Michale Graves
395,Feel The Fire,Shihad
396,Ja Bo Bai,Quatro
397,The Man Who Sold The World,Emel
398,One of a Kind,Russ Millions
399,Tupelo Shuffle (From The Original Motion Picture Soundtrack ELVIS),Diplo
400,Fool and The Beggar,Melrose Avenue
401,"Notre Guinée (feat. Steeve One Locks, Seni Mallomou, Antoine Flingo & Mamadou Thug)",Kandia Kora
402,Playing With Knives [Quadrant Mix},Bizarre Inc
403,"Bolo Har Har Har (feat. Mohit Chauhan, Sukhwinder Singh, Badshah, Megha Sriram Dalton, Anugrah, Sandeep Shrivastava)",Mohit Chauhan
404,bal gibi,aisu
405,Cry In Shame,Diesel
406,Rhyme Dust (Dimension Remix),Dimension
407,Super Mario,StanWill
408,XXX,Van Boom
409,Eat My Words,PrettyUgly
410,Wanna Be,All Cane
411,Risk,Omar Keif
412,Da' Hiphopaddictz,Lil Supa
413,Hay Que Ver,Hormiga
414,Where You Are,Sons of Sonix
415,Woman Beeter,Ness The Kid
416,I'd Do Well,Tim Hart
417,Prelude no. 11,Santec Music Orchestra
418,Sunset Boulevard,Forajida
419,Broken (feat. Jessie Reyez),Jessie Reyez
420,Vermelho Ferrari,Orochi
421,Ni Neema,Joel Lwaga
422,Ami Chini Go Chini Tomare,Kishore Kumar
423,Vrais,Ninho
424,Turn Around,Hamish Kilgour
425,Bolivia,La Bomba de Tiempo
426,Dark Mind - Original Mix,Harvy Valencia
427,Semua Tak Sama,Padi
428,Wrong Person (with ODUMODUBLVCK),ODUMODUBLVCK
429,Sweet Bird Of Truth,The The
430,You Don't Care,Techniques
431,Nothing Can Tear Us Apart,Ntjam Rosie
432,Flip Reset,Kaskade
433,Where the Lemons Grow,Caitlyn Shadbolt
434,Grindin',Marty
435,ugly,Timmies
436,The Heresy,Mushroomhead
437,a lil bit,yergurl
438,(dream) - remaster,salvia palth
439,Written In The Stars,John Legend
440,On Fire,James Keith
441,Makossa,JK
442,Dancing with the Valkyrie,Several Definitions
443,ILanga Lingashona (feat. LeeMcKrazy),Sinny Man'Que
444,Slow Dreams,Juno Mamba
445,Mere Baad Kisko Sataoge (Lo-Fi),Nusrat Fateh Ali Khan
446,Dans La Peau D'Un Dealer,Matt
447,Litany of Peace,Kiev Chamber Choir
448,"Adhirudha - From ""Mark Antony""",G. V. Prakash
449,for lovers who hesitate,JANNABI
450,The Separation of Church and Skate,NOFX
451,Scondi,Biggy
452,Wow,Team Salut
453,Peter - Finding Neverland/Soundtrack Version,Nick Ingman
454,Kesetiaan,Sarah
455,Nawara,Akram Mag
456,Candle Flame (Opolopo Remix),Opolopo
457,Pirates & Parrots (feat. Mac McAnally),Mac McAnally
458,Beware,Little Red Lung
459,Irene,Jimmy Brown
460,Style,John Blaq
461,Saibo - Sped Up,Sachin-Jigar
462,Modern lover,Schoolgirl Byebye
463,WHERE ARE YOU TONIGHT (feat. ZOHARA),ZOHARA
464,Radio Love,DNA
465,Mis Aires,Travis Birds
466,The Chain - 2004 Remaster,Fleetwood Mac
467,"L-O-V-E (feat. Chrissy Teigen, Luna Stephens & Miles Stephens)",Sufjan Stevens
468,"Te Aviso, Te Anuncio (Tango)",Shakira
469,20.1.9,Trueno
470,Street Dog,The Slims
471,Feet Off The Ground (feat. Jade Bird),Brent Cobb
472,He's A Lad,Noah Dillon
473,Tsonga Agenda (feat. Mochen & DJ Sliqe),MashBeatz
474,July,Bermuda Search Party
475,Doucement,Les Salopards
476,Dogs Are Talking,The Angels
477,On & On,Delgres
478,Stuck on My Mind,Mimmi Bangoura
479,"Chaar Botal Vodka (From ""Ragini Mms 2"")",Yo Yo Honey Singh
480,Tamghart-iw,Mohamed Allaoua
481,Friends Don't,Maddie & Tae
482,Abdou N'diaye,Seckou Keita
483,Bailando,N'Riko
484,Golden Earrings,Jan Lundgren Trio
485,Cancion,Victor Villadangos
486,Bailalo,Tomas the Latin Boy
487,Love Me Back (Fayahh Beat) - Slowed + Reverb,Trinidad Cardona
488,Taste Test,CreativeDrugStore
489,The girl in my memories(Digging Club Seoul Ver.),jeebanoff
490,Theme for Scanty & Knee Socks,TeddyLoid
491,El Sangoloteadito,Los Indomables De Cedral
492,T.B.H,QWER
493,Narcosa - Jennifer Cardini's Visions Of Us Remix,Jennifer Cardini
494,Ich muss,Johno37
495,M'SANDITHAWE,FADA MOTI
496,Hoist The Colours - Schrotthagen Remix Extended,Davide Dalmonte
497,PEPPA PIG THEME SONG - REMIX,Fake Hypocrite
498,Song 2 - 2012 Remastered Version,Blur
499,The Grid,Swarms
500,winterlove2.0,badchieff
501,Age Ye Rooz Beri Safar - Mehran Abbasi Remix,Faramarz Aslani
502,She Said,DOGMA
503,What to Do - DNTST Remix,Kid Indigo
504,Fimbu,Felix Wazekwa
505,Wey Sikay,Hamelmal Abate
506,Personal Jesus - Single Version,Depeche Mode
507,"Showreel, Pt. 1",DjRUM
508,funkoh,Baskiat
509,Intergouvernementalisations,Trap King
510,Suite in C Minor: V. Gigue,Yasunori Imamura
511,Chapter 13,Nihoni
512,Maximum Damage (feat. Headie One),Headie One
513,Piseiro dos Luas Superiores - Boteco Infinito,Juu Rafaela
514,Phantasmagory,Denkare
515,ZaZaZa,Mc Francia
516,Rock in God's Shoe,Sushi Soucy
517,When Doves Cry,Prince
518,"The Seasons No. 10, Op. 37b: October - Autumn Song",Khatia Buniatishvili
519,Monstro,MC GP
520,Take On Me - MTV Unplugged,a-ha
521,Take Us Back,Katanak
522,Porque Ele Vive,1000 Louvores
523,Petty,KIM of Diamonds
524,Paligoy-ligoy,Nadine Lustre
525,BIBA,Marshmello
526,Pachelbel's Frolics,Eileen Ivers
527,Palate Chai,Ayub Bachchu
528,Damelo,Osocity
529,"12 Etudes, Op.10: No.3 In E",Jan Lisiecki
530,You Know,Sad Puppy
531,Priceless,Oladapo
532,Just Wanna Help Yourself,Florrie
533,Run The Night (feat. AKOSIA),AKOSIA
534,Sea Parade - Original Mix,Tim Green
535,Because He Lives,Bryce Simpson
536,Napendwa,Kusah
537,ALONE,B Wise
538,The Attention Deficit Track (Terrace Mix),Skream
539,Our Backyard,Amber Lawrence
540,La Vida Es Un Carnaval,Celia Cruz
541,Don't Be Cool,Jacky Giordano
542,The Boat,Piers
543,Ghosts,Brokenkites
544,Taste Your Love,VC Pines
545,Breakfast In America - 2010 Remastered,Supertramp
546,Over Done,Lapiro De Mbanga
547,Fastlove - Pt. 1,George Michael
548,A Shimmer,Nils Frahm
549,Art Of Scratch (Intro),Artifacts
550,A2,Matthewdavid
551,Tiya Tiya,Kharishma
552,Gangsta Shit (feat. Kokane & G Perico),G Perico
553,When You Love Someone - Acoustic,James TW
554,My Name (Sped up),Aurora Olivas
555,No Me Salves,Queralt Lahoz
556,Megah Diterima,Morfem
557,I Saw,Young Fathers
558,Mustt Mustt,Nusrat Fateh Ali Khan
559,Rio - 2009 Remastered Version,Duran Duran
560,American Dreaming - Live Remastered,Dead Can Dance
561,"Dum Maro Dum, Pt. 2",Asha Bhosle
562,Maggie May,Rod Stewart
563,Pennies From Heaven - 1998 Digital Remaster,Frank Sinatra
564,Juanita: Kiteless: To Dream Of Love - Remastered,Underworld
565,Jailhouse Rock,Elvis Presley
566,Digging a Hole,Booka Shade
567,Djobi Djoba,Gipsy Kings
568,Teri Baaton,Raghav
569,Friday Fish Fry - Maribou State & Pedestrian Remix - Extended Dub,Kelis
570,Riders On The Storm,The Doors
571,Radar Love,Golden Earring
572,"Europa, Pt. 1 - Max Cooper Remix",Jim Wallis
573,Variations on the Kanon,George Winston
574,"Romeo & Juliet: Act I, Scene XIII, Dance of the Knights",Valery Gergiev
575,Accidental Lovers,"Felicia Douglass, Jody Barr"
576,Haze,flowless
577,Shallow,Sea Oleena
578,Extacy Angel,Boss Bitches
579,Grip,Tessa Thompson
580,Black Betty,Ram Jam
581,Tour De France,Karate Boogaloo
582,Flicker,Shivum Sharma
583,Bilqis (Jinhe Naaz Hai),Rabbi Shergill
584,Tubthumping,Chumbawamba
585,Conundrum,The SIGIT
586,Hridmajhare Rakhbo,Lopamudra Mitra
587,Rock Tha Party,Bombay Rockers
588,San Pedro,Doprah
589,We Are The World,U.S.A. For Africa
590,You Sexy Thing,Hot Chocolate
591,1990,Lake Turner
592,Feist,Thomas Schumacher
593,Candle,Candelion
594,When I Am Laid in Earth,"Andrew Parrott, Emily Van Evera, Henry Purcell"
595,Betula,Candelion
596,Max - 2006 Edit,The Future Sound Of London
597,The Sanctuary Within,Erasmus Talbot
598,Amigos,Richard Houghten
599,The Right to Destroy Myself,OKADA
600,Ember 2,Bvdub
601,Elvism,burger/ink
602,Asleep in Ultramarine,Bvdub
603,Ayo Burn,"Kaam Bhaari, NUKA"
604,Bulla Ki Jaana Mein Kaun,Rabbi Shergill
605,Annanas,Tosca
606,"12 Violin Concertos, Op.8 ""Il cimento dell'armonia e dell' invenzione"" / Concerto No. 3 in F Major for solo violin, ""L'Autunno"" - RV293: 1. Allegro",Antonio Vivaldi
607,Hetta Nedabzou (2015),Cheb Houssem
608,Dinner,SUHO
609,One For The City (feat. Thomas Jules),Illy
610,Stay girl Stay pure,1986 OMEGA TRIBE
611,Wait a Minute!,WILLOW
612,Let You Down,Luke Burr
613,Mirrors,Nightbus
614,Hallelujah,Nandy
615,SATURDAY NIGHT ZOMBIES,Yumi Matsutoya
616,One Million Views (feat. John Mani),GoldFish
617,Pluto,Afroto
618,Forever You and Me,Ray Guell
619,Ausentes y Presentes,Milicia Del Rancho
620,Divine Time,Aldonna
621,Crazy On You,Heart
622,I Don't Like Mondays,The Boomtown Rats
623,Happy Finally,Blake.08
624,Louca,Alice Caymmi
625,Diya Kamba,Bebe Manga
626,Yun Hi Chala Chal,Hariharan
627,MOST PRECIOUS LOVE - MAJOR LEAGUE DJZ & LUUDADEEJAY VS BLAZE (FEAT. UDAUFL & BARBARA TUCKER),Major League Djz
628,Painting By Chagall,Steve Tannen
629,Caco,Jean Bonal
630,Figodon,Sterium
631,Come and See My Moda (feat. Yemi Alade),Yemi Alade
632,What Do I Know - Tonic Walter Remix,David Gramberg
633,Sweet Emotion,Aerosmith
634,Trouble’s Gonna Find Me,Zerb
635,Cholo Arekbar Uri,AvoidRafa
636,My Time,Jeremih
637,Ga Maar Weg,Jannes
638,Stabwound,Necrophagist
639,Born to Run,Bruce Springsteen
640,Eat,T-Rell
641,Stay (Sing off vs. Tayler Holder),Conor Maynard
642,"Promises, Promises",Incubus
643,Oceans of My Mind - Urmet K Remix,Lazarusman
644,"100% Love (From ""100% Love"")",Monali Thakur
645,FEVER,ENHYPEN
646,We Are Water,Papadosio
647,Aynpes Uzum Em (Rosali movie soundtrack),Brunette
648,She Sells Sanctuary,The Cult
649,ACTION,Tilian
650,Faixa Amarela,Zeca Pagodinho
651,End Of Time,Tatana
652,Inspiration,Lifoko Du Ciel
653,Sin Ayuda,El Pepo
654,Urabaruta,Karahanyuze
655,River Ray - Radio Edit,Dre Guazzelli
656,Ndikhokhele,Benjamin Dube
657,Carry Fire,Robert Plant
658,i thought i was waiting,VÉRITÉ
659,First Breath,Woodsman
660,Belum Siap Kehilangan,Angga Candra
661,Mpulira,Iryn Namubiru
662,Dá Um Tempo Vai,Natanzinho Lima
663,I Want Her,hoodtrophy bino
664,Blind You,Didirri
665,HOJE EU VOU COMER NOVINHA 06 (Slowed + Reverb),DJ AG O GRINGO
666,Be Good,HAAi
667,SO EASY - Radio Edit,Leela Rosa
668,Ta Me Treinar,CEF Tanzy
669,Healing,CocoSA
670,No Corras,Dread Mar I
671,Mertah,Abdul Majeed Abdullah
672,Malaya,Moira Dela Torre
673,Hey Mamma,Sunstroke Project
674,"Zora's Domain (Day) [From ""The Legend of Zelda: Breath of the Wild""] [Piano Version]",Streaming Music Studios
675,Letters In Concrete,Memphis LK
676,Adela,Aleksander Debicz
677,Life is Suffering,Deerhoof
678,Piel de Angel,Camilo Sesto
679,One More Day,Alfie Templeman
680,Know Love - OTR Remix,OTR
681,Geiser,YAANO
682,In Da Club,Ikka
683,Someone Like You,Steve Tyrell
684,Cabin Fever,Subsonic Eye
685,The Box,Johnny Flynn
686,Come From (feat. Ajebo Hustlers),Bloody Civilian
687,Pillars,Great Gable
688,Centrefold,Genesis Owusu
689,Sanam Re,Mithoon
690,Second Hand Car,Kim Churchill
691,It's a Long Way to the Top (If You Wanna Rock 'N' Roll),AC/DC
692,Mdali - De Bablyy Remix,Tman Xpress
693,Medo de Amar,Fabinho Testado
694,Cars,Gary Numan
695,Make You Mine,Madison Beer
696,Take You There,House of Shem
697,The Romany Child,Jayne Elleson
698,Pomarrosa,Mario Crespo Martinez
699,VENGANZA MANO,BOWSY
700,Don't Bring Me Down,Electric Light Orchestra
701,To Me,Chet Faker
702,Little Bit of Lovin,Roy Woods
703,Simply Minded,Lofi Hip-Hop Beats
704,To the Sea,Dusty Boots
705,Que des vibes,Julie Meletta
706,The Lights,Sasha
707,Thanks and Praise (feat. Rich DiCas) [Live],Songs From The Soil
708,All to Myself,Dylan Wright
709,Mama,Rayo & Toby
710,Getting Closer,Kaylee Bell
711,SWIMGOOD,Kohjiya
712,I Don't Need You Anymore,HAFFWAY
713,NEW WAVE,Kohjiya
714,Hana,Andy
715,Shine On You Crazy Diamond (Pts. 1-5),Pink Floyd
716,Me Refaz,Diego Karter
717,Keep Up,Kinder
718,Here With Me,CHVRCHES
719,QUE SERA SERA,Wizard Chan
720,Srdce jako knize Rohan,Richard Muller
721,My Spine Is Tingling,Will Sparks
722,See Right Through Me,Set Mo
723,Fragments,Aiobahn
724,Shampoo,iyla
725,Love,Ben Lukas Boysen
726,Never (Lagos Never Gonna Be the Same),Tony Allen
727,Ten Foot Flowers (Glass Beams Desert Flower Edition),Glass Beams
728,La casa azul,Marco Mengoni
729,Hotline Bling,William Singe
730,I'm Not Gonna Let - Shuffle Inc Radio Edit,"Shuffle, Inc."
731,You,Radiohead
732,All Time High,The Sam Willows
733,Crazy - Drktms Remix,Love Mansuy
734,Didi,Khaled
735,If You Must,Del The Funky Homosapien
736,Unconditional Love,fusq
737,Brown Eyed Girl,Van Morrison
738,Get Good - Infinitefreefall Remix,St. South
739,Amsterdam,Krooked Kings
740,Agachadinho,XANDDY HARMONIA
741,KING BITCH,QUEEN BEE
742,God Knows,ARXX
743,The Melody - Henrik Schwarz Remix,Francesco Tristano
744,Venda Wave,Mizo Phyll
745,Impossible,Nina Las Vegas
746,Pense em mim,Leandro & Leonardo
747,Addicted To Love,Robert Palmer
748,Relax,Frankie Goes To Hollywood
749,So Many Days,1000mods
750,C sa ki va tuer,Zouglou Maker's
751,Adventure of a Lifetime,Gabriella
752,Paralysed,RedHook
753,Feelz,Sevyn Streeter
754,Titanium,Jasmine Thompson
755,Maradona,Mouh Milano
756,Guided By Angels - triple j Like A Version,Jack River
757,Adja,Maher Cissoko
758,Poison Arrow,ABC
759,Trap Nation,Trap Nation
760,The Reckoning Dawn,Winterfylleth
761,Sometimes - Radio Edit,Felguk
762,Vieni a dormire da me,Selton
763,Enimnyan Nka Nyankopon,No Tribe
764,Rascals,Neeraj Shridhar
765,Goodbye,Tei Shi
766,Summer Town - Radio Edit,The Gleeman
767,Move On,Garden City Movement
768,Castaway,Windwaker
769,Area,IceBeatChillz
770,Give This A Try,Vince Harder
771,Ghost Under Rocks,Ra Ra Riot
772,La Camisa Negra,Accordion Festival
773,Noorie,NDS
774,Nikukonda,Mampi
775,Taped Up Heart (feat. Clara Mae) - Joe Mason Remix,KREAM
776,Tu Rapa,Waldokinc El Troyano
777,Lay Me Down,Sam Smith
778,Zwakala (Come To Me),Stimela
779,Melhor Assim,Netinho De Paula
780,Polo,Fresno
781,In Between (feat. Jude York),Dami Im
782,Da Fa Gnaw,Viviane Chidid
783,SWAY,ILLSON
784,Heartless,PsychoYP