No.,keyword
1,"Beep-Boop, Beep-Boop"
2,Ordinary People
3,Groove Back (Feat. Gaeko)
4,The Remedy
5,Want To
6,I'm Comin' Over
7,The Hitman - 7'' Mix
8,____
9,Wedding Song
10,Ta Ta Ta
11,A Thousand Years
12,Abala Ya Bali
13,____
14,Are You Gonna Go My Way
15,I Knew I Loved You
16,Barbie Girl
17,Fireflies
18,KAHOOT!
19,Fragile Thing
20,Feel It Comin'
21,Cachorro - Ao Vivo
22,"PROLOGUE (Quasi Niente from Piano Sonata No. 1 in F Minor, Op. 6: IV. Funebre) - Upright Version"
23,IN MY HEAD!
24,Corpo Dela
25,Are You out yet ?
26,Así Es La Vida
27,Electric Sunrise
28,Shanghai Nights
29,O Children
30,Tomorrow
31,"Recomposed By Max Richter: Vivaldi, The Four Seasons: Spring 1"
32,"Love Me Like You Do - From ""Fifty Shades Of Grey"""
33,Higher Powers (feat. Boma Nime)
34,Vanilla Twilight
35,THOMAS
36,Porcelanato - Ao Vivo
37,Brain Power
38,Te Necesito
39,Mapopo
40,_______ (___)
41,Emmène Moi
42,Stiekem wil ik DJ zijn
43,Escarlata - Remix
44,Honky Tonk Women
45,Tú Me Perteneces
46,Too Fast
47,Sway
48,Samba in Paris
49,Team
50,End of the Road
51,Mtasubiri (feat. Zuchu)
52,Azúcar Amargo
53,Let's Go Surfing
54,Con Ese Corazón
55,Just Break Up
56,We Don't Talk About Bruno
57,"Desi Wine (From ""Thank You For Coming"")"
58,Lucky Old You
59,Calm Mind - With melody
60,No Cap - A COLORS SHOW
61,Lord of the Dance
62,Talking Like That
63,Empini
64,Vivir Mi Vida
65,I Know You Want Me (Calle Ocho)
66,Happier
67,Tujhse Naraz Nahi Zindagi
68,_____
69,Go Dig My Grave
70,Gelo No Copo
71,Like I'm Gonna Lose You (feat. John Legend)
72,Calm Down (with Selena Gomez)
73,How I Get Myself Killed
74,Ella Es la Que Manda
75,Mal au crâne
76,Born in the U.S.A.
77,Africa
78,Better Together
79,"Departure (From ""Kiki's Delivery Service"") - Piano Version"
80,El Oro de la Tolita
81,Somebody Like You
82,Marry You
83,Kill Bill
84,I Didn't Mean It
85,________________
86,Endorphine
87,Please Please Please
88,3 BIG BALLS
89,Dança Kuduro (Danza Kuduro)
90,No Other Place
91,Summer Of '69
92,The Best
93,My Universe
94,MUKKBANG!
95,Yellow
96,Come Inside Of My Heart
97,Untuk Apa
98,Big Dawgs
99,Teardrop
100,Cruel Summer
101,I Like It
102,Psycho Dreams (Sped Up)
103,EI DO SENSACIO!
104,Virei Freguês
105,_______
106,El Final de Nuestra Historia
107,Malicious Intentions
108,Mere Rashke Qamar
109,_ki Yabancı
110,EX BOYFRIEND
111,Beautiful People (feat. Khalid)
112,Brahms Lullaby
113,Complicated (feat. Young Franco)
114,Comme s'il en pleuvait
115,la terminal
116,(Baby I've Got You) On My Mind
117,Wanted Dead Or Alive
118,Silêncios - Ao Vivo
119,Never Enough (feat. Kali-B)
120,EU SOU U FUNKY BEAR - SLOWED
121,Baby Blue
122,WANNABE
123,Tere Liye
124,Borderline
125,Say My Name
126,I Love Rock 'N Roll
127,Sunny Sunny
128,"Dooriyan (From ""Love Aaj Kal"")"
129,Applause
130,Treat You Better
131,Mello
132,Tainted Love
133,Impilo Yam
134,Lithium
135,Rahu
136,On My Own
137,Lover
138,Fé no pobre louco
139,The Hanging Tree
140,Me Quedo o Me Voy
141,Chaiyya Chaiyya
142,Banheira Espumada
143,"Girl, You'll Be a Woman Soon"
144,Rest In Peace
145,Mujeres y Despecho
146,__
147,Ishq Bulaava
148,Para Tudo / Loucura do Seu Coração - Ao Vivo
149,Jerk It Out - Original Mix
150,Everlong
151,Irish Way
152,"Tobetsa Remake (feat. Focalistic, Daliwonga, ShaunMusiq & Ftears)"
153,We're Going to Be Friends
154,Fuck It Up (feat. YG)
155,Never Be Like You
156,Kuna Kuna
157,Ngozi
158,O Sol
159,What Makes You Beautiful
160,I Like Me Better
161,Cape Cod Kwassa Kwassa
162,Shined On Me - Les Bisous Remix
163,Black Hole Sun
164,Sandstorm
165,Velours
166,What A Beautiful Name - Radio Edit
167,Dus Bahane
168,"Wiegenlied (Lullaby), Op. 49, No. 4"
169,Dark Matter
170,Movements
171,Party In The U.S.A.
172,love song (hesitations)
173,On My Mind - Enzo is Burning Remix
174,Angel
175,Sweet Home Alabama
176,Rampage
177,Burn Dem Bridges
178,Rosa
179,Wish I Knew You
180,I Don't Care (with Justin Bieber)
181,A Million Dreams
182,Commando
183,Muchas (feat. Cola Boyy)
184,wwwe
185,TunTunTun - Spotify Singles
186,Sweet Child O' Mine
187,Deli
188,Sa k Rive Nou (feat. Singuila)
189,Lua - Pippi Ciez Retake
190,Vertigo
191,Come Away
192,Emakhaya (feat. Da Capo & Sun-El Musician)
193,Beautiful Day
194,You Know It's About You
195,No Rain
196,Caso Cerrado
197,Find Love Now
198,Nós Combina
199,"Main Jahaan Rahoon (From ""Namastey London"")"
200,Skinty Fia
201,Pasoori
202,To Bezar Boro Mano
203,Mood Of Mine
204,A Little Braver
205,White Dress (feat. Deutsch Duke) - Radio Edit
206,"Pluto, Montana"
207,Love Don't Let Me Go
208,Give Me Oil
209,Got Me Stone Cold
210,Gulabi Aankhen
211,"Dhaage - From ""Vedaa"""
212,Bohemian Like You
213,Waiting My Life
214,Caminar de Tu Mano
215,Wonder Woman
216,SPAIN
217,German
218,Dance The Night - From Barbie The Album
219,"When She Loved Me (From ""Toy Story 2"")"
220,Dalie (feat. Baby S.O.N)
221,Finale (feat. Youngjae)
222,Ohnana
223,Enigmatic Feeling
224,Iyeye
225,Hero
226,Moves
227,Sun Goes Down (feat. MAGIC! & Sonny Wilson)
228,Rosa
229,Safe safe
230,KING
231,OVERDOSE
232,Balance It
233,_________
234,Catalia
235,Kasoor
236,Lover
237,Stuck on Replay
238,My Type
239,________
240,Indigo Night
241,Naked - Bonus Track
242,Tambores
243,Giderdi Ho_uma
244,Never Enough
245,Lush Life
246,Radioactive
247,AfterParty
248,Moonflowers Bloom in Misery
249,Nearer My God to Thee
250,Away - TWO LANES Remix
251,Strawberry
252,Pantano
253,Low Life
254,Empurra Empurra
255,2 days into college
256,Give It Away
257,Alasanmu
258,Único - Ao Vivo
259,Cat People (Putting Out Fire)
260,Run To You
261,BFM (w/ Britney Manson & kets4eki)
262,Jerusalema (feat. Burna Boy & Nomcebo Zikode) - Remix
263,Blue Eyes
264,Smoothie
265,No One's Gonna Love You
266,Empty
267,Shout
268,La Loca
269,Royals
270,Awaara Ho
271,Cake By The Ocean
272,i still think about you
273,Invincible
274,Bones
275,Sunset Walks (feat. Tellaman)
276,Pasos Al Costado
277,One Too Many
278,Yaya (feat. Diamond Platnumz & Jux)
279,People
280,Equus
281,Daydreaming
282,Acredito (We Believe)
283,This Is What You Came For
284,Quit Playing Games (With My Heart)
285,DESPECHÁ
286,Some Way
287,Hemma
288,Drop The Game
289,Get Dumb - English Version
290,Fi Hawmtk Tayh
291,Please Don't Go
292,Everyday With You
293,Gasoline
294,Café
295,All of Me
296,Corazon de Rubi
297,Bam Lahiri
298,Lie
299,Nutshell
300,SexyBack
301,Pink Soldiers
302,LA FAMA
303,Spicy
304,Two Shoes
305,MONTAGEM SINISTRA CLUB DA DZ7
306,Eating Concrete
307,Te Alabaré Mi Buen Jesús (Instrumental)
308,Silver Lining
309,Koe
310,Tu És Meu Socorro
311,Let's Get Back To Bed - Boy! - Radio/Video (Klimax)
312,My Darling
313,Sprinter Van
314,Again
315,New Eyes - Acoustic
316,Rasa Cinta
317,Daddy's Arms
318,_____ (______._______)
319,Ong Diggi Dong
320,I'll Take You Home - Live
321,Feels Like
322,Boys & Girls
323,Resolution
324,"Independent Women, Pt. I"
325,V for Vendetta
326,Down
327,_____
328,Magic - Short Mix
329,White Wedding - Pt. 1
330,Zuva Rekufa Kwangu
331,Jangan Nakal
332,Up To No Good - Tazi Remix
333,Te Amo Jesus
334,Good Chunk of Change
335,ABC (Alphabet Song)
336,The Getaway
337,"Lost Woods (From ""Legend of Zelda: Ocarina of Time"")"
338,Blue
339,_____ (feat. __)
340,Quiero saber de ti
341,"12 Violin Concertos, Op.8 ""Il cimento dell'armonia e dell' invenzione"" / Concerto No. 3 in F Major for solo violin, ""L'Autunno"" - RV293: 1. Allegro"
342,Hetta Nedabzou (2015)
343,Inception
344,Dinner
345,One For The City (feat. Thomas Jules)
346,Stay girl Stay pure
347,Já Era
348,Wait a Minute!
349,Let You Down
350,Só Tu
351,Mirrors
352,Hallelujah
353,Ill Pekeño - Selecta Motorseries #04
354,SATURDAY NIGHT ZOMBIES
355,One Million Views (feat. John Mani)
356,Pluto
357,_____
358,Forever You and Me
359,Ausentes y Presentes
360,Divine Time
361,Crazy On You
362,I Don't Like Mondays
363,Me estoy enamorando
364,Nitko Nema Dva _ivota
365,Happy Finally
366,Louca
367,Diya Kamba
368,Yun Hi Chala Chal
369,MOST PRECIOUS LOVE - MAJOR LEAGUE DJZ & LUUDADEEJAY VS BLAZE (FEAT. UDAUFL & BARBARA TUCKER)
370,Painting By Chagall
371,Clandestina
372,Caco
373,Figodon
374,Come and See My Moda (feat. Yemi Alade)
375,____ ______
376,What Do I Know - Tonic Walter Remix
377,Sweet Emotion
378,Trouble’s Gonna Find Me
379,Cholo Arekbar Uri
380,My Time
381,Ga Maar Weg
382,Stabwound
383,Born to Run
384,Eat
385,Stay (Sing off vs. Tayler Holder)
386,"Promises, Promises"
387,Oceans of My Mind - Urmet K Remix
388,"100% Love (From ""100% Love"")"
389,FEVER
390,We Are Water
391,Aynpes Uzum Em (Rosali movie soundtrack)
392,She Sells Sanctuary
393,ACTION
394,____
395,Faixa Amarela
396,End Of Time
397,Inspiration
398,Sin Ayuda
399,Urabaruta
400,River Ray - Radio Edit
401,Ndikhokhele
402,Carry Fire
403,i thought i was waiting
404,First Breath
405,Belum Siap Kehilangan
406,Mpulira
407,Dá Um Tempo Vai
408,El Lápiz
409,I Want Her
410,Blind You
411,HOJE EU VOU COMER NOVINHA 06 (Slowed + Reverb)
412,Be Good
413,SO EASY - Radio Edit
414,Ta Me Treinar
415,Healing
416,No Corras
417,Mertah
418,Malaya
419,Hey Mamma
420,"Zora's Domain (Day) [From ""The Legend of Zelda: Breath of the Wild""] [Piano Version]"
421,Letters In Concrete
422,Adela
423,Life is Suffering
424,Sau Này N_u Có Yêu Ai
425,Piel de Angel
426,One More Day
427,Know Love - OTR Remix
428,Geiser
429,In Da Club
430,Someone Like You
431,Cabin Fever
432,The Box
433,Come From (feat. Ajebo Hustlers)
434,Pillars
435,Centrefold
436,Sanam Re
437,Second Hand Car
438,It's a Long Way to the Top (If You Wanna Rock 'N' Roll)
439,Mdali - De Bablyy Remix
440,Medo de Amar
441,Cars
442,Make You Mine
443,Take You There
444,____
445,The Romany Child
446,Pomarrosa
447,VENGANZA MANO
448,Don't Bring Me Down
449,To Me
450,Heartbreaker
451,Little Bit of Lovin
452,Simply Minded
453,To the Sea
454,Que des vibes
455,The Lights
456,Thanks and Praise (feat. Rich DiCas) [Live]
457,All to Myself
458,Mama
459,Can I Get Love?
460,Getting Closer
461,SWIMGOOD
462,I Don't Need You Anymore
463,NEW WAVE
464,Hana
465,Shine On You Crazy Diamond (Pts. 1-5)
466,Me Refaz
467,Keep Up
468,Here With Me
469,Tenha Dó de Mim
470,QUE SERA SERA
471,Srdce jako knize Rohan
472,My Spine Is Tingling
473,See Right Through Me
474,Fragments
475,Shampoo
476,Love
477,Mal à l'aise
478,Never (Lagos Never Gonna Be the Same)
479,Ten Foot Flowers (Glass Beams Desert Flower Edition)
480,La casa azul
481,Hotline Bling
482,I'm Not Gonna Let - Shuffle Inc Radio Edit
483,Ninguém Perguntou por Você
484,_____________
485,You
486,All Time High
487,Crazy - Drktms Remix
488,Didi
489,If You Must
490,Unconditional Love
491,Brown Eyed Girl
492,Get Good - Infinitefreefall Remix
493,Amsterdam
494,Agachadinho
495,KING BITCH
496,God Knows
497,The Melody - Henrik Schwarz Remix
498,Venda Wave
499,Bibanke
500,Impossible
501,Coral de Anjos - Ao Vivo
502,Pense em mim
503,Addicted To Love
504,Relax
505,So Many Days
506,C sa ki va tuer
507,__ - ___ _______
508,Adventure of a Lifetime
509,Paralysed
510,Feelz
511,Titanium
512,Maradona
513,Saviour of Love
514,Ledges
515,We Control The Sunlight
516,Bass Rani
517,Loved
518,Differentology (Ready for the Road)
519,Socha Hai
520,Quien Sabe
521,Mujer Que Mal Me Pagas
522,Owner Of A Lonely Heart
523,Laye
524,I Fought the Law
525,Jerusalema (feat. Nomcebo Zikode) - Feder Remix
526,ESPER
527,List (Rojst Millenium Netflix)
528,Drunk & Loud
529,De Cero a Cien
530,Lost Signals - Mixed
531,Guerra Fria (feat. Jorge & Mateus)
532,Best of My Love - 2018 Mix
533,The Horns
534,PODER FEMENINO
535,Gimme Shelter
536,Justice
537,Riptide
538,The Way You Are - Original Mix
539,Smooth Faces
540,Can't Stop Watchin' (Sped Up)
541,Skydrop - Extended Mix
542,Alla Scoperta di Babbo Natale
543,Fresh
544,Sangeed - DiMO (BG) Remix
545,Md
546,Hip Hop Kids
547,______
548,DiCaprio
549,"Watch Out (feat. Swings, Black Nut, Ugly Duck & Dj Hood) [Reprise]"
550,Retrolonga
551,Sin Ti - Remix
552,Always - Odd Mob Remix
553,Keep Climbing
554,Love wins all
555,Evolução na Locução
556,Higher - Remix
557,Pikachu's Lament (feat. Sam & Bill) - Red Version
558,Bullyman
559,No Me Dejarás Caer (feat. Nico Aranda)
560,Santa Catarina
561,What If?
562,HiiiSpace
563,La Mariposa
564,The Way I Are - Techno Remix
565,The First Noel
566,blue
567,"Minuet in G minor, BWV Anh.115"
568,Boas Festas
569,AGAIN (______ FULLMETAL ALCHEMIST)
570,Um Filme
571,The Last Bit Of Us
572,Baby
573,Una pastora
574,Mi Amigo Félix
575,In the Image of Youth
576,Chargeur
577,Coordinate
578,Chance
579,Everybody Knows
580,Blati
581,SUCCESS STORY
582,Can You Feel It
583,Bamba_ka Biri
584,Pieces - Album Edit
585,Intro
586,Pieles
587,Titanic - Techno Pop Mix
588,More
589,Partenza - Dario D'Attis Remix
590,Fadaa Al Seba (The second tune)
591,Rewrite The Stars
592,Breakout
593,Isgqila Se Gqom
594,Be At Home
595,Guided By Angels - triple j Like A Version
596,Adja
597,Poison Arrow
598,Trap Nation
599,The Reckoning Dawn
600,Sometimes - Radio Edit
601,Vieni a dormire da me
602,Enimnyan Nka Nyankopon
603,Rascals
604,Delírio
605,Goodbye
606,Summer Town - Radio Edit
607,Move On
608,Castaway
609,Area
610,Give This A Try
611,Ghost Under Rocks
612,La Camisa Negra
613,Noorie
614,Nikukonda
615,Poesia Acústica #2: Sobre Nós
616,Taped Up Heart (feat. Clara Mae) - Joe Mason Remix
617,Tu Rapa
618,Lay Me Down
619,Zwakala (Come To Me)
620,Melhor Assim
621,Polo
622,In Between (feat. Jude York)
623,Do Fundo Do Meu Coração
624,Da Fa Gnaw
625,SWAY
626,Heartless
627,Ewow Ye
628,Surtada
629,Doe Maar Net Alsof - Rapversie
630,Kalah (feat. Hasan Toys)
631,Marchaste
632,Drink Drank Drunk
633,Ex Damo
634,Telephones
635,James Bond Theme
636,Celoso
637,Locomotive Breath
638,White Rabbit
639,Bangkok Girl - __
640,______ (A Cigarette Without You)
641,No Mo
642,Take A Bite
643,Exit 104
644,Turn It Up
645,Morning Light
646,"Chuttamalle (From ""Devara Part 1"")"
647,Way Out West
648,In the black of night
649,_______
650,Eventide
651,Reflejo
652,Amor Não É Complicado
653,"Fünf Lieder, Op. 49: No. 4, Wiegenlied"
654,insane
655,Eye of the Tiger
656,Second Chance
657,CAREFUL
658,alright!
659,Space And Time
660,Wheels On The Bus
661,ECLIPSE
662,Happy
663,Fall At Your Feet
664,jogging shoes (the rerun)
665,In Transit (For You) (Album Version)
666,Talvez
667,Adhuva Adhuva
668,I Can't Let Go
669,"City of Stars (From the Movie ""La La Land"")"
670,slip through your veins
671,Go Country
672,Khasrik Khawatni (Your Waist Made Me Crazy)
673,(Everything I Do) I Do It For You
674,Shoot Me
675,Wizard
676,All the Wine
677,El Subidón
678,SAYONARA
679,Kamikaze - Tom Budin Remix
680,Isaidluv
681,Love Nest
682,Love Lost
683,Africa
684,Maybe
685,Yairai yairai
686,"Os Menino É Ruim (feat. Mc Pedrinho, Aka Rasta & CostaKent)"
687,Love Com Você - Ao Vivo
688,Black Friday de Gostosa - Ao Vivo
689,They Want War
690,Play With Fire
691,Gloria
692,La Chona
693,Ug Cypher 3
694,brady
695,High
696,_ _ (feat. ___)
697,Reckless
698,Griftefrid
699,Intro
700,Jimi Hendrikoes
701,Hashishet Albi
702,I Get Around (Mono)
703,If It Ain't Love - Live
704,Try Again - Hoax (BE) Remix
705,Fresh Take
706,Dikom lam la moto
707,Faded - Acoustic Version
708,Like I Love You
709,Pocahontas
710,Avalon
711,Keeping It Real - DJ SWISHERMAN Remix
712,House Of The Rising Sun
713,Trago Côco E Um Xaxado
714,What's My Scene - 2005 Remaster
715,Straight Line - Neil Cowley Remix
716,Elastic Heart (triple j Like A Version)
717,Trouble on Oxford Street
718,That Vibe
719,Este Mundo Infiel
720,Angel Girl - Pretty Girl Remix
721,Notre Dame de Paris - Ouverture
722,A Song for Mom - Remix
723,"Vai Tomar Dormindo (feat. DJ LÉO DA 17, DJ K, DJ Teixeira & DJ Digo Beat)"
724,La Ville Des Amours
725,"Automotivo Toma Toma (feat. MC Rafa 22, DJ DN, JC NO BEAT, Megabaile Do Areias, DJ Douglinhas, GP DA ZL, Dj W-Beatz, MANSÃO FUNK RAVE &amp; MC GW) - Mansão Funk Rave"
726,The Best Things In Life Are Free
727,____
728,Destiny
729,La Noche
730,Sankofa
731,Perilous Woman
732,"Ja, vi elsker dette landet - alle 8 vers"
733,Happier Than Ever
734,Lo Que Hoy Quieras
735,Voices
736,Inner City Blues (Make Me Wanna Holler)
737,Se Nem Deus Agrada Todo Mundo Muito Menos Eu
738,Pump It Up
739,Burlesque
740,song six
741,Smother
742,What That Was
743,Crazy Eddie's Last Hurrah
744,Kak Up Your Bumper
745,Secret Garden
746,November Morning
747,Laternu Stund_
748,Almost Here (Duet with Brian McFadden)
749,Dracula
750,Labirintite
751,Behind Every Decision
752,Royal Roar - Gregatron Remix
753,Road To Nirvana
754,"Symphony No. 9 in D Minor, Op. 125 ""Choral"": II. Scherzo & Trio. Molto vivace"
755,Voice of Angels
756,Comadi
757,I'm Late
758,Finals
759,Unaware
760,Slowing Down
761,VILLAIN
762,Londres
763,"Symphony No. 71 in B-Flat Major, Hob. I:71: IV. Finale. Vivace"
764,Faithful
765,Dark Matter
766,Fly Like An Eagle
767,Fuku Wa Uchi Oni Wa Soto (feat. The Mizuhara Sisters)
768,Tomara (Ao Vivo)
769,Turnstile Blues
770,Sweet Escape - Radio Edit
771,Send Me A Postcard
772,Fiskos
773,Drop Your Love (feat. Dirty Radio) - JaFunk Remix
774,m e t a m o r f o s i s - remix
775,Slide da Treme Melódica v2
776,Volando
777,Lullaby for Refuge Cove
778,Shhh
779,Unforgiven - The Presets Remix
780,Musak - Radio Edit
781,De Toekomst
782,friends
783,Shapeshifter
784,"Tayos Caves, Ecuador I"
785,Mexico
786,West End Girls - 2018 Remastered Version
787,Camberwell
788,Major Love
789,Wandering Star
790,Talk It Out
791,Let's Don't Say Anything
792,Reason
793,10+1
794,Layla - 40th Anniversary / 2010 Remastered
795,Rain When I Die
796,Monolith
797,The Reaper
798,Back in
799,U Want More
800,A Moment
801,Caramelito
802,Thousand Days & Nights - Main Magic Mix
803,Sit Down
804,El Monigote
805,Só Deus
806,________ _4 ____ _____: III. Ruhevoll (Poco adagio)
807,HARDCORE GYM PHONK
808,Amor Genuino
809,New Rules - KREAM Remix
810,In Bloom
811,You're Not Alone - Highpass Remix
812,The La Planta: Pushi Terraza Sessions #3
813,Okay (Feat. Louie)
814,_____
815,Maria (I Like It Loud) - Techno Remix
816,Love Among The Ruins
817,__
818,365______ - LIVE in Taipei
819,Two of Us
820,Self Medicate
821,Largo Camino
822,I'll Wait
823,Kun Faya Kun
824,Décidé
825,Me Desculpa Jay Z
826,Gotta Go
827,Donde Estaras
828,Baile de Favela - DJ R7 Mix
829,The Best Thing
830,Impressions
831,Save Tonight
832,Melhor
833,The Other Side
834,Walking On The Moon
835,3atma
836,In The Dark (Mixed) - ID Remix
837,Falling In
838,Quédate Tranquila
839,How It Ends
840,"Hyrule Castle (From ""Breath of the Wild"") [Orchestral Cover]"
841,Call You Bae
842,El Diablo Negro
843,See You In Life
844,Scene One
845,Typing...
846,__
847,Rolling In The Deep - Techno Remix
848,Dig up Her Bones
849,Feel The Fire
850,Ja Bo Bai
851,The Man Who Sold The World
852,One of a Kind
853,Tupelo Shuffle (From The Original Motion Picture Soundtrack ELVIS)
854,Fool and The Beggar
855,"24 Préludes, Op. 28: No.15 in D flat major - Sostenuto"
856,"Notre Guinée (feat. Steeve One Locks, Seni Mallomou, Antoine Flingo & Mamadou Thug)"
857,Playing With Knives [Quadrant Mix}
858,Get Ready: O Começo
859,"Bolo Har Har Har (feat. Mohit Chauhan, Sukhwinder Singh, Badshah, Megha Sriram Dalton, Anugrah, Sandeep Shrivastava)"
860,bal gibi
861,Cry In Shame
862,__________ - TV___
863,Rhyme Dust (Dimension Remix)
864,Super Mario
865,XXX
866,Eat My Words
867,Wanna Be
868,Risk
869,_______
870,Da' Hiphopaddictz
871,Hay Que Ver
872,Where You Are
873,Woman Beeter
874,I'd Do Well
875,Prelude no. 11
876,Sunset Boulevard
877,Broken (feat. Jessie Reyez)
878,Vermelho Ferrari
879,Ni Neema
880,Ami Chini Go Chini Tomare
881,Vrais
882,Turn Around
883,Bolivia
884,Dark Mind - Original Mix
885,Semua Tak Sama
886,Wrong Person (with ODUMODUBLVCK)
887,Sweet Bird Of Truth
888,You Don't Care
889,Nothing Can Tear Us Apart
890,Flip Reset
891,Where the Lemons Grow
892,Grindin'
893,ugly
894,The Heresy
895,a lil bit
896,(dream) - remaster
897,Written In The Stars
898,Você Sempre Será
899,On Fire
900,Makossa
901,Dancing with the Valkyrie
902,ILanga Lingashona (feat. LeeMcKrazy)
903,Slow Dreams
904,Mere Baad Kisko Sataoge (Lo-Fi)
905,Dans La Peau D'Un Dealer
906,Litany of Peace
907,"Adhirudha - From ""Mark Antony"""
908,for lovers who hesitate
909,The Separation of Church and Skate
910,Scondi
911,Wow
912,Peter - Finding Neverland/Soundtrack Version
913,Kesetiaan
914,Nawara
915,Candle Flame (Opolopo Remix)
916,Pirates & Parrots (feat. Mac McAnally)
917,Beware
918,Irene
919,Style
920,Saibo - Sped Up
921,Modern lover
922,Nuime
923,WHERE ARE YOU TONIGHT (feat. ZOHARA)
924,Radio Love
925,Mis Aires
926,The Chain - 2004 Remaster
927,"L-O-V-E (feat. Chrissy Teigen, Luna Stephens & Miles Stephens)"
928,"Te Aviso, Te Anuncio (Tango)"
929,20.1.9
930,Street Dog
931,Feet Off The Ground (feat. Jade Bird)
932,Dibujarte Flores
933,Anuário - Ao Vivo
934,He's A Lad
935,Tsonga Agenda (feat. Mochen & DJ Sliqe)
936,July
937,Doucement
938,Dogs Are Talking
939,On & On
940,Stuck on My Mind
941,"Chaar Botal Vodka (From ""Ragini Mms 2"")"
942,Tamghart-iw
943,Friends Don't
944,Abdou N'diaye
945,Bailando
946,Golden Earrings
947,Cancion
948,Bailalo
949,Love Me Back (Fayahh Beat) - Slowed + Reverb
950,Taste Test
951,The girl in my memories(Digging Club Seoul Ver.)
952,Theme for Scanty & Knee Socks
953,El Sangoloteadito
954,T.B.H
955,Narcosa - Jennifer Cardini's Visions Of Us Remix
956,Ich muss
957,M'SANDITHAWE
958,Hoist The Colours - Schrotthagen Remix Extended
959,PEPPA PIG THEME SONG - REMIX
960,Je décolle
961,Song 2 - 2012 Remastered Version
962,The Grid
963,____
964,Möbius
965,winterlove2.0
966,__ __ [Gaeul Achim] : Autumn morning
967,Age Ye Rooz Beri Safar - Mehran Abbasi Remix
968,She Said
969,What to Do - DNTST Remix
970,Fimbu
971,Wey Sikay
972,Personal Jesus - Single Version
973,"Showreel, Pt. 1"
974,funkoh
975,Intergouvernementalisations
976,Suite in C Minor: V. Gigue
977,Gemini
978,Chapter 13
979,Maximum Damage (feat. Headie One)
980,Piseiro dos Luas Superiores - Boteco Infinito
981,Phantasmagory
982,ZaZaZa
983,Fantasía Nocturna
984,Rock in God's Shoe
985,When Doves Cry
986,"The Seasons No. 10, Op. 37b: October - Autumn Song"
987,Monstro
988,Take On Me - MTV Unplugged
989,Take Us Back
990,Porque Ele Vive
991,Petty
992,Paligoy-ligoy
993,BIBA
994,Pachelbel's Frolics
995,Palate Chai
996,Damelo
997,"12 Etudes, Op.10: No.3 In E"
998,You Know
999,Priceless
1000,Just Wanna Help Yourself
1001,Run The Night (feat. AKOSIA)
1002,Sea Parade - Original Mix
1003,Because He Lives
1004,Napendwa
1005,Salou Habibi / _____ _____
1006,ALONE
1007,O Barquinho
1008,The Attention Deficit Track (Terrace Mix)
1009,Our Backyard
1010,Walk This Way
1011,La Vida Es Un Carnaval
1012,Don't Be Cool
1013,The Boat
1014,Do Acaso
1015,"Les préludes, S.97"
1016,No F***s Given Freestyle
1017,Ghosts
1018,Taste Your Love
1019,Breakfast In America - 2010 Remastered
1020,_____
1021,Over Done
1022,Aninha
1023,Fastlove - Pt. 1
1024,Catch
1025,A Shimmer
1026,"Nossa Vida Parou / Metade Vai, Metade Fica / Marra de Durão / Alucinado / Lance Livre / Meu Desapego / Instinto / Me Perdoa"
1027,Art Of Scratch (Intro)
1028,A2
1029,Tiya Tiya
1030,Gangsta Shit (feat. Kokane & G Perico)
1031,When You Love Someone - Acoustic
1032,My Name (Sped up)
1033,No Me Salves
1034,Megah Diterima
1035,I Saw
1036,Mustt Mustt
1037,Rio - 2009 Remastered Version
1038,American Dreaming - Live Remastered
1039,Entre Dos Aguas - Instrumental
1040,"Dum Maro Dum, Pt. 2"
1041,Maggie May
1042,Pennies From Heaven - 1998 Digital Remaster
1043,Juanita: Kiteless: To Dream Of Love - Remastered
1044,Let’s Live For Today (Single from Pachinko: Season 1) [Apple TV+ Original Series Soundtrack]
1045,Jailhouse Rock
1046,Digging a Hole
1047,"Piano Concerto No.1 In D Minor, Op.15: 2. Adagio - Live At Herkules Saal, Munich / 2012"
1048,Djobi Djoba
1049,Teri Baaton
1050,Friday Fish Fry - Maribou State & Pedestrian Remix - Extended Dub
1051,Riders On The Storm
1052,Radar Love
1053,"Europa, Pt. 1 - Max Cooper Remix"
1054,Variations on the Kanon
1055,"Romeo & Juliet: Act I, Scene XIII, Dance of the Knights"
1056,Accidental Lovers
1057,Haze
1058,Shallow
1059,_______(____________)
1060,Extacy Angel
1061,Grip
1062,Black Betty
1063,Tour De France
1064,Flicker
1065,Bilqis (Jinhe Naaz Hai)
1066,Tubthumping
1067,Conundrum
1068,Hridmajhare Rakhbo
1069,Rock Tha Party
1070,San Pedro
1071,We Are The World
1072,You Sexy Thing
1073,1990
1074,Feist
1075,Candle
1076,When I Am Laid in Earth
1077,Betula
1078,Around the World (La La La La La) - Radio Version
1079,Max - 2006 Edit
1080,The Sanctuary Within
1081,Amigos
1082,The Right to Destroy Myself
1083,Ember 2
1084,Elvism
1085,Asleep in Ultramarine
1086,Ayo Burn
1087,Bulla Ki Jaana Mein Kaun
1088,Annanas